{"acc": 0.8504236645762211, "loss": 0.16155678284567052, "_timestamp": 1704653341.618367, "_runtime": 2.376836061477661, "_step": 7, "_wandb": {"runtime": 0}}