{"train/train_loss": 0.3173683285713196, "train/epoch": 10.0, "train/example_ct": 120000, "_timestamp": 1704655077.4525206, "_runtime": 44.65956950187683, "_step": 939, "val/val_loss": 0.19866953790187836, "val/val_accuracy": 0.9355, "predictions_table": {"_type": "table-file", "sha256": "489920299e1b775d255a8473b036b7de21d76e0bc22a0dcee7583095d163f0b7", "size": 62516, "artifact_path": "wandb-client-artifact://t649vn3zqcy00qunz558sk7zxxf6r01glh78ap73g1j5guej3yep19367rrugpidgaeh1hgqdi3rh3y25hsz2hr7v5qw44a0b07nm2118ca1xi4r28rujnxzu5rifkn7:latest/predictions_table.table.json", "_latest_artifact_path": "wandb-client-artifact://t649vn3zqcy00qunz558sk7zxxf6r01glh78ap73g1j5guej3yep19367rrugpidgaeh1hgqdi3rh3y25hsz2hr7v5qw44a0b07nm2118ca1xi4r28rujnxzu5rifkn7:latest/predictions_table.table.json", "path": "media/table/predictions_table_939_489920299e1b775d255a.table.json", "ncols": 13, "nrows": 256}, "test_accuracy": 0.8, "_wandb": {"runtime": 42}}