{"acc": 0.7138943942918946, "loss": 0.2337501065599396, "_timestamp": 1704653307.8385022, "_runtime": 2.688807249069214, "_step": 7, "_wandb": {"runtime": 1}}