{"acc": 0.8211093903581247, "loss": 0.11754327624059933, "_timestamp": 1704653315.629741, "_runtime": 2.0283799171447754, "_step": 7, "_wandb": {"runtime": 0}}