{"train/train_loss": 0.013566012494266033, "train/epoch": 10.0, "train/example_ct": 120000, "_timestamp": 1704655200.9029155, "_runtime": 41.65900945663452, "_step": 939, "val/val_loss": 0.15370045602321625, "val/val_accuracy": 0.9555, "predictions_table": {"_type": "table-file", "sha256": "7c1c00416bd6a4def1dc0abf97312222bc9135688d69d2fd52bfc49997fef7f4", "size": 62869, "artifact_path": "wandb-client-artifact://na8a6mvb8udxy0ezf3v92s50fa743nenpcebxzam1ls26eyveue92r0yubur39reoc37cdze6ul2p3opuel94juj7psatvvjiy97gtibn08k7c02mwp9yiojcah1kpqz:latest/predictions_table.table.json", "_latest_artifact_path": "wandb-client-artifact://na8a6mvb8udxy0ezf3v92s50fa743nenpcebxzam1ls26eyveue92r0yubur39reoc37cdze6ul2p3opuel94juj7psatvvjiy97gtibn08k7c02mwp9yiojcah1kpqz:latest/predictions_table.table.json", "path": "media/table/predictions_table_939_7c1c00416bd6a4def1dc.table.json", "ncols": 13, "nrows": 256}, "test_accuracy": 0.8, "_wandb": {"runtime": 39}}