{"acc": 0.8627582207462869, "loss": 0.15067696042283096, "_timestamp": 1704664640.1053193, "_runtime": 1.4963912963867188, "_step": 7, "_wandb": {"runtime": 0}}