{"acc": 0.8440738064511698, "loss": 0.21264391867462556, "_timestamp": 1704653332.4160378, "_runtime": 2.410902738571167, "_step": 7, "_wandb": {"runtime": 0}}