{"acc": 0.9775553409856278, "loss": 0.024483043534385837, "_timestamp": 1704652829.6326492, "_runtime": 3.0391321182250977, "_step": 7, "_wandb": {"runtime": 1}}