{"acc": 0.8778498860232247, "loss": 0.11572395796306954, "_timestamp": 1704653323.9655585, "_runtime": 2.2121756076812744, "_step": 7, "_wandb": {"runtime": 0}}