{"train/train_loss": 0.03982114419341087, "train/epoch": 10.0, "train/example_ct": 120000, "_timestamp": 1704655013.5066946, "_runtime": 49.73264765739441, "_step": 939, "val/val_loss": 0.1620616763830185, "val/val_accuracy": 0.9495, "predictions_table": {"_type": "table-file", "sha256": "43bf553929239b30015272cd9cb7cf5c8597e58f40fd641d3bdee5642704e885", "size": 62833, "artifact_path": "wandb-client-artifact://3vaq0fm2jat4vkz752l42m3jxxvy3xohh3r3moex4l67zetktsf3kbhgo2ppcjv5m1zvw4zxfsekyz2hfh20dpem03a4aroj9jh346k8ri62y6tqvz8ucwespdpfxvks:latest/predictions_table.table.json", "_latest_artifact_path": "wandb-client-artifact://3vaq0fm2jat4vkz752l42m3jxxvy3xohh3r3moex4l67zetktsf3kbhgo2ppcjv5m1zvw4zxfsekyz2hfh20dpem03a4aroj9jh346k8ri62y6tqvz8ucwespdpfxvks:latest/predictions_table.table.json", "path": "media/table/predictions_table_939_43bf553929239b300152.table.json", "ncols": 13, "nrows": 256}, "test_accuracy": 0.8, "_wandb": {"runtime": 48}}